url,statut,datetime
http://www.meamedica.fr/,✅ Fonctionnel,2026-03-04 21:46:36
https://www.meamedica.fr/content/css,✅ Fonctionnel,2026-03-04 21:46:37
https://www.meamedica.fr/donnez-avis,✅ Fonctionnel,2026-03-04 21:46:37
https://www.meamedica.fr/,✅ Fonctionnel,2026-03-04 21:46:38
https://www.meamedica.fr/faq,✅ Fonctionnel,2026-03-04 21:46:39
https://www.meamedica.fr/adn,✅ Fonctionnel,2026-03-04 21:46:39
https://www.meamedica.fr/sur-meamedica,✅ Fonctionnel,2026-03-04 21:46:40
https://www.meamedica.fr/enregistrement,✅ Fonctionnel,2026-03-04 21:46:41
https://www.meamedica.fr/pharmacogenetique-professionnels-sante,✅ Fonctionnel,2026-03-04 21:46:41
https://www.meamedica.fr/maladie,✅ Fonctionnel,2026-03-04 21:46:42
https://www.meamedica.fr/oublie-mot-de-passe,✅ Fonctionnel,2026-03-04 21:46:42
https://www.meamedica.fr/avis-medicament,✅ Fonctionnel,2026-03-04 21:46:43
https://www.meamedica.fr/yeux-infection-bacterienne/azyter,✅ Fonctionnel,2026-03-04 21:46:43
https://www.meamedica.fr/adn/tests-genetiques,✅ Fonctionnel,2026-03-04 21:46:44
https://www.meamedica.fr/parasites-autre/flagyl,✅ Fonctionnel,2026-03-04 21:46:45
https://www.meamedica.fr/sedatifs-et-tranquillisants/euphytose,✅ Fonctionnel,2026-03-04 21:46:45
https://www.meamedica.fr/tension-arterielle-angiotensine-antagonistes/valsartan,✅ Fonctionnel,2026-03-04 21:46:46
https://www.meamedica.fr/urologie-hypertrophie-de-la-prostate/urorec,✅ Fonctionnel,2026-03-04 21:46:47
https://www.meamedica.fr/douleurs/antadys,✅ Fonctionnel,2026-03-04 21:46:48
https://www.meamedica.fr/antibiotiques-autre/metronidazole,✅ Fonctionnel,2026-03-04 21:46:50
https://www.meamedica.fr/douleurs-morphine/tramadol,✅ Fonctionnel,2026-03-04 21:46:50
https://www.meamedica.fr/antibiotiques-autre/pyostacine,✅ Fonctionnel,2026-03-04 21:46:51
https://www.meamedica.fr/glande-thyroide-hypothyroidie-a-action-lente/levothyrox,✅ Fonctionnel,2026-03-04 21:46:53
https://www.meamedica.fr/antibiotiques-quinolones/tavanic,✅ Fonctionnel,2026-03-04 21:46:55
https://www.meamedica.fr/tension-arterielle-combinaisons-ras/candesartan-hydrochlorothiazide,✅ Fonctionnel,2026-03-04 21:46:56
https://www.meamedica.fr/depression-antidepresseurs-autre/cymbalta,✅ Fonctionnel,2026-03-04 21:46:56
https://www.meamedica.fr/depression-antidepresseurs-autre/effexor,✅ Fonctionnel,2026-03-04 21:46:57
https://www.meamedica.fr/depression-antidepresseurs-irs,✅ Fonctionnel,2026-03-04 21:46:58
https://www.meamedica.fr/acne/dalacine,✅ Fonctionnel,2026-03-04 21:46:59
https://www.meamedica.fr/acne/cutacnyl,✅ Fonctionnel,2026-03-04 21:46:59
https://www.meamedica.fr/epilepsie/lyrica,✅ Fonctionnel,2026-03-04 21:47:01
https://www.meamedica.fr/glande-thyroide-hypothyroidie-a-action-lente,✅ Fonctionnel,2026-03-04 21:47:02
https://www.meamedica.fr/maladie/allergie,✅ Fonctionnel,2026-03-04 21:47:03
https://www.meamedica.fr/epilepsie,✅ Fonctionnel,2026-03-04 21:47:04
https://www.meamedica.fr/contraception-autre,✅ Fonctionnel,2026-03-04 21:47:05
https://www.meamedica.fr/maladie/depression,✅ Fonctionnel,2026-03-04 21:47:06
https://www.meamedica.fr/maladie/acne,✅ Fonctionnel,2026-03-04 21:47:07
https://www.meamedica.fr/diabetes-medicaments-oraux/metformine,✅ Fonctionnel,2026-03-04 21:47:08
https://www.meamedica.fr/cholesterol,✅ Fonctionnel,2026-03-04 21:47:09
https://www.meamedica.fr/depression-antidepresseurs-autre,✅ Fonctionnel,2026-03-04 21:47:10
https://www.meamedica.fr/maladie/Diabete-type-2,✅ Fonctionnel,2026-03-04 21:47:11
https://www.meamedica.fr/maladie/cholesterol-eleve,✅ Fonctionnel,2026-03-04 21:47:12
https://www.meamedica.fr/maladie/migraine,✅ Fonctionnel,2026-03-04 21:47:13
https://www.meamedica.fr/douleurs,✅ Fonctionnel,2026-03-04 21:47:14
https://www.meamedica.fr/maladie/contraception,✅ Fonctionnel,2026-03-04 21:47:15
https://www.meamedica.fr/maladie/Cancer-du-sein,✅ Fonctionnel,2026-03-04 21:47:16
https://www.meamedica.fr/douleurs-morphine,✅ Fonctionnel,2026-03-04 21:47:17
https://www.meamedica.fr/contraception-biphasique/adepal,✅ Fonctionnel,2026-03-04 21:47:17
https://www.meamedica.fr/maladie/angoisse-trouble-panique,✅ Fonctionnel,2026-03-04 21:47:18
https://www.meamedica.fr/muscles-squelette-osteoporose-maladies-osseuses/aclasta,✅ Fonctionnel,2026-03-04 21:47:20
https://www.meamedica.fr/cholesterol/simvastatine,✅ Fonctionnel,2026-03-04 21:47:21
https://www.meamedica.fr/cholesterol/crestor,✅ Fonctionnel,2026-03-04 21:47:22
https://www.meamedica.fr/plandusite,✅ Fonctionnel,2026-03-04 21:47:22
https://www.meamedica.fr/psychose-schizophrenie-antipsychotique,✅ Fonctionnel,2026-03-04 21:47:23
https://www.meamedica.fr/contact,✅ Fonctionnel,2026-03-04 21:47:24
https://www.meamedica.fr/liens,✅ Fonctionnel,2026-03-04 21:47:24
https://www.meamedica.fr/maladie/hypertension,✅ Fonctionnel,2026-03-04 21:47:25
https://www.meamedica.fr/disclaimer,✅ Fonctionnel,2026-03-04 21:47:26
https://www.meamedica.fr/Account/AddPerson,✅ Fonctionnel,2026-03-04 21:47:26
https://www.meamedica.fr/expert,✅ Fonctionnel,2026-03-04 21:47:27
https://www.meamedica.fr/acne/skinoren,✅ Fonctionnel,2026-03-04 21:47:28
https://www.meamedica.fr/acne/panoxyl,✅ Fonctionnel,2026-03-04 21:47:28
https://www.meamedica.fr/acne/eclaran,✅ Fonctionnel,2026-03-04 21:47:29
https://www.meamedica.fr/acne/differine,✅ Fonctionnel,2026-03-04 21:47:30
https://www.meamedica.fr/acne/effederm,✅ Fonctionnel,2026-03-04 21:47:30
https://www.meamedica.fr/acne/roaccutane,✅ Fonctionnel,2026-03-04 21:47:31
https://www.meamedica.fr/acne/eryacne,✅ Fonctionnel,2026-03-04 21:47:32
https://www.meamedica.fr/acne/procuta,✅ Fonctionnel,2026-03-04 21:47:33
https://www.meamedica.fr/acne/erythrogel,✅ Fonctionnel,2026-03-04 21:47:33
https://www.meamedica.fr/acne/ketrel,✅ Fonctionnel,2026-03-04 21:47:34
https://www.meamedica.fr/acne/erylik,✅ Fonctionnel,2026-03-04 21:47:35
https://www.meamedica.fr/acne/eryfluid/acne,✅ Fonctionnel,2026-03-04 21:47:35
https://www.meamedica.fr/avis-categorie,✅ Fonctionnel,2026-03-04 21:47:36
https://www.meamedica.fr/acne/curacne,✅ Fonctionnel,2026-03-04 21:47:38
https://www.meamedica.fr/adhd-psychostimulants/modiodal/insomnie,✅ Fonctionnel,2026-03-04 21:47:39
https://www.meamedica.fr/allergies,✅ Fonctionnel,2026-03-04 21:47:39
https://www.meamedica.fr/acne/erylik/acne,✅ Fonctionnel,2026-03-04 21:47:40
https://www.meamedica.fr/anesthetique/versatis/2,✅ Fonctionnel,2026-03-04 21:47:41
https://www.meamedica.fr/affection-intestinale-inflammation/entocort/colite-collagene,✅ Fonctionnel,2026-03-04 21:47:41
https://www.meamedica.fr/affection-intestinale-inflammation/salazopyrine/3,✅ Fonctionnel,2026-03-04 21:47:42
https://www.meamedica.fr/affections-vaginales-autre/nalador,✅ Fonctionnel,2026-03-04 21:47:43
https://www.meamedica.fr/affections-vaginales-autre/colpotrophine,✅ Fonctionnel,2026-03-04 21:47:44
https://www.meamedica.fr/anesthetique/diprivan,✅ Fonctionnel,2026-03-04 21:47:44
https://www.meamedica.fr/anesthetique/lidoca%C3%AFne-priloca%C3%AFne-cr%C3%A8me,✅ Fonctionnel,2026-03-04 21:47:45
https://www.meamedica.fr/anesthetique/ketalar,✅ Fonctionnel,2026-03-04 21:47:46
https://www.meamedica.fr/anesthetique/emla,✅ Fonctionnel,2026-03-04 21:47:46
https://www.meamedica.fr/anesthetique/protoxyde-d-azote,✅ Fonctionnel,2026-03-04 21:47:47
https://www.meamedica.fr/anesthetique/naropeine,✅ Fonctionnel,2026-03-04 21:47:48
https://www.meamedica.fr/Images/,✅ Fonctionnel,2026-03-04 21:47:48
https://www.meamedica.fr/anesthetique/versatis/douleur-nerveuse,✅ Fonctionnel,2026-03-04 21:47:49
https://www.meamedica.fr/anesthetique/versatis/hernie,✅ Fonctionnel,2026-03-04 21:47:50
https://www.meamedica.fr/acne/curacne/infection-bacterienne,✅ Fonctionnel,2026-03-04 21:47:50
https://www.meamedica.fr/affection-intestinale-inflammation/salazopyrine,✅ Fonctionnel,2026-03-04 21:47:51
https://www.meamedica.fr/affection-intestinale-diarrhee/nalcron,✅ Fonctionnel,2026-03-04 21:47:52
https://www.meamedica.fr/antibiotiques-aminoglycosides/isepamicine,✅ Fonctionnel,2026-03-04 21:47:52
https://www.meamedica.fr/antibiotiques-autre/birodogyl/6,✅ Fonctionnel,2026-03-04 21:47:54
https://www.meamedica.fr/antibiotiques-autre/birodogyl/5,✅ Fonctionnel,2026-03-04 21:47:55
https://www.meamedica.fr/affection-intestinale-constipation/colopeg,✅ Fonctionnel,2026-03-04 21:47:55
https://www.meamedica.fr/antibiotiques-cephalosporines/oroken,✅ Fonctionnel,2026-03-04 21:47:56
https://www.meamedica.fr/antibiotiques-cephalosporines/zinforo,✅ Fonctionnel,2026-03-04 21:47:57
https://www.meamedica.fr/antibiotiques-autre/pyostacine/sinusite,✅ Fonctionnel,2026-03-04 21:47:58
https://www.meamedica.fr/antibiotiques-infection-des-voies-urinaires/furadantine/3,✅ Fonctionnel,2026-03-04 21:47:59
https://www.meamedica.fr/antibiotiques-infection-des-voies-urinaires/furadantine/infection-urinaire,✅ Fonctionnel,2026-03-04 21:48:00
https://www.meamedica.fr/antibiotiques-infection-des-voies-urinaires/furadantine/infection-voies-urinaires,✅ Fonctionnel,2026-03-04 21:48:00
https://www.meamedica.fr/antibiotiques-infection-des-voies-urinaires/furadantine/5,✅ Fonctionnel,2026-03-04 21:48:01
https://www.meamedica.fr/antibiotiques-infection-des-voies-urinaires/furadantine/2,✅ Fonctionnel,2026-03-04 21:48:02
https://www.meamedica.fr/antibiotiques-infection-des-voies-urinaires/furadantine,✅ Fonctionnel,2026-03-04 21:48:02
https://www.meamedica.fr/antibiotiques-infection-des-voies-urinaires/monuril/infection-urinaire/2,✅ Fonctionnel,2026-03-04 21:48:03
https://www.meamedica.fr/antibiotiques-quinolones/tavanic/infection-de-l-epididyme,✅ Fonctionnel,2026-03-04 21:48:04
https://www.meamedica.fr/antibiotiques-quinolones/tavanic/infection-de-la-machoire,✅ Fonctionnel,2026-03-04 21:48:04
https://www.meamedica.fr/antibiotiques-quinolones/ciflox/4,✅ Fonctionnel,2026-03-04 21:48:05
https://www.meamedica.fr/antibiotiques-macrolides/erythromycine/2,✅ Fonctionnel,2026-03-04 21:48:06
https://www.meamedica.fr/antibiotiques-macrolides/zeclar/infection-bacterienne,✅ Fonctionnel,2026-03-04 21:48:06
https://www.meamedica.fr/antibiotiques-quinolones/ofloxacine/6,✅ Fonctionnel,2026-03-04 21:48:08
https://www.meamedica.fr/antibiotiques-penicillines-a-large-spectre/amoxicilline/allergie,✅ Fonctionnel,2026-03-04 21:48:09
https://www.meamedica.fr/antibiotiques-penicillines-a-large-spectre/amoxicilline/infection-de-l-estomac,✅ Fonctionnel,2026-03-04 21:48:10
https://www.meamedica.fr/antibiotiques-penicillines-a-large-spectre/amoxicilline/problemes-intestins-diarrhee,✅ Fonctionnel,2026-03-04 21:48:10
https://www.meamedica.fr/antibiotiques-penicillines-a-large-spectre/amoxicilline/bronchite,✅ Fonctionnel,2026-03-04 21:48:11
https://www.meamedica.fr/antibiotiques-quinolones/izilox/infection-bacterienne,✅ Fonctionnel,2026-03-04 21:48:12
https://www.meamedica.fr/antibiotiques-quinolones/tavanic/insomnie,✅ Fonctionnel,2026-03-04 21:48:13
https://www.meamedica.fr/antibiotiques-tetracyclines/doxycycline/maladie-de-Lyme-borreliose,✅ Fonctionnel,2026-03-04 21:48:13
https://www.meamedica.fr/antibiotiques-tetracyclines/doxycycline/infection-urinaire,✅ Fonctionnel,2026-03-04 21:48:14
https://www.meamedica.fr/antibiotiques-tetracyclines/doxycycline/maladie-de-lyme-borreliose,✅ Fonctionnel,2026-03-04 21:48:15
https://www.meamedica.fr/anesthetique/versatis/arthrose-colonne-vertebrale,✅ Fonctionnel,2026-03-04 21:48:16
https://www.meamedica.fr/antibiotiques-tetracyclines/doxycycline,✅ Fonctionnel,2026-03-04 21:48:16
https://www.meamedica.fr/antibiotiques-tetracyclines/granudoxy/acne,✅ Fonctionnel,2026-03-04 21:48:17
https://www.meamedica.fr/antibiotiques-autre/metronidazole/7,✅ Fonctionnel,2026-03-04 21:48:18
https://www.meamedica.fr/tension-arterielle-beta-bloquant/propranolol,✅ Fonctionnel,2026-03-04 21:48:18
https://www.meamedica.fr/tension-arterielle-beta-bloquant/bisoprolol,✅ Fonctionnel,2026-03-04 21:48:20
https://www.meamedica.fr/antibiotiques-penicillines-a-large-spectre/amoxicilline,✅ Fonctionnel,2026-03-04 21:48:21
https://www.meamedica.fr/depression-antidepresseurs-irs/sertraline,✅ Fonctionnel,2026-03-04 21:48:22
https://www.meamedica.fr/antibiotiques-penicillines-a-large-spectre/augmentin,✅ Fonctionnel,2026-03-04 21:48:22
https://www.meamedica.fr/depression-antidepresseurs-irs/paroxetine,✅ Fonctionnel,2026-03-04 21:48:23
https://www.meamedica.fr/depression-antidepresseurs-irs/citalopram,✅ Fonctionnel,2026-03-04 21:48:24
https://www.meamedica.fr/autres-medicaments,✅ Fonctionnel,2026-03-04 21:48:24
https://www.meamedica.fr/antibiotiques-tetracyclines/mynocine/infection-bacterienne,✅ Fonctionnel,2026-03-04 21:48:25
https://www.meamedica.fr/tension-arterielle-inhibiteurs-ace/ramipril,✅ Fonctionnel,2026-03-04 21:48:26
https://www.meamedica.fr/antidotes-empoisonnement/cardioxane,✅ Fonctionnel,2026-03-04 21:48:27
https://www.meamedica.fr/antidotes-empoisonnement/ethyol,✅ Fonctionnel,2026-03-04 21:48:27
https://www.meamedica.fr/antidotes-empoisonnement/kepivance,✅ Fonctionnel,2026-03-04 21:48:28
https://www.meamedica.fr/antidotes-empoisonnement/elvorine,✅ Fonctionnel,2026-03-04 21:48:29
https://www.meamedica.fr/asthme-copd-autre/xolair,✅ Fonctionnel,2026-03-04 21:48:29
https://www.meamedica.fr/bouche/fluorex,✅ Fonctionnel,2026-03-04 21:48:30
https://www.meamedica.fr/bouche/locabiotal,✅ Fonctionnel,2026-03-04 21:48:30
https://www.meamedica.fr/antibiotiques-tetracyclines/tolexine/5,✅ Fonctionnel,2026-03-04 21:48:31
https://www.meamedica.fr/bouche/insadol,✅ Fonctionnel,2026-03-04 21:48:32
https://www.meamedica.fr/corticosteroides/medrol,✅ Fonctionnel,2026-03-04 21:48:32
https://www.meamedica.fr/asthme-copd-combinaisons/iffeza,✅ Fonctionnel,2026-03-04 21:48:33
https://www.meamedica.fr/contraception-autre/mirena,✅ Fonctionnel,2026-03-04 21:48:35
https://www.meamedica.fr/cancer,✅ Fonctionnel,2026-03-04 21:48:36
https://www.meamedica.fr/asthme-copd-autre/lomudal/allergie,✅ Fonctionnel,2026-03-04 21:48:37
https://www.meamedica.fr/content/,✅ Fonctionnel,2026-03-04 21:48:37
https://www.meamedica.fr/asthme-copd-sympathomimetiques/onbrez,✅ Fonctionnel,2026-03-04 21:48:38
https://www.meamedica.fr/asthme-copd-sympathomimetiques/airomir,✅ Fonctionnel,2026-03-04 21:48:39
https://www.meamedica.fr/cancer-hormones-et-antihormones,✅ Fonctionnel,2026-03-04 21:48:40
https://www.meamedica.fr/cancer-hormones-et-antihormones/enantone/saignements,✅ Fonctionnel,2026-03-04 21:48:40
https://www.meamedica.fr/asthme-copd-autre/singulair/3,✅ Fonctionnel,2026-03-04 21:48:41
https://www.meamedica.fr/asthme-copd-autre/singulair/6,✅ Fonctionnel,2026-03-04 21:48:42
https://www.meamedica.fr/brulures-d-estomac-h2-antagoniste-des-recepteurs/raniplex,✅ Fonctionnel,2026-03-04 21:48:42
https://www.meamedica.fr/brulures-d-estomac-h2-antagoniste-des-recepteurs/ranitidine,✅ Fonctionnel,2026-03-04 21:48:43
https://www.meamedica.fr/asthme-copd-sympathomimetiques/foradil/bronchite,✅ Fonctionnel,2026-03-04 21:48:44
https://www.meamedica.fr/brulures-d-estomac-inhibiteurs-de-la-pompe-a-proton/lanzor,✅ Fonctionnel,2026-03-04 21:48:44
https://www.meamedica.fr/brulures-d-estomac-inhibiteurs-de-la-pompe-a-proton/pantoprazole,✅ Fonctionnel,2026-03-04 21:48:45
https://www.meamedica.fr/brulures-d-estomac-inhibiteurs-de-la-pompe-a-proton/inexium/brulure-d-estomac-acidite-gastrique,✅ Fonctionnel,2026-03-04 21:48:46
https://www.meamedica.fr/asthme-copd-corticosteroides/prolair,✅ Fonctionnel,2026-03-04 21:48:47
https://www.meamedica.fr/yeux-glaucome-tension-de-l-il/monoprost,✅ Fonctionnel,2026-03-04 21:48:48
https://www.meamedica.fr/brulures-d-estomac-inhibiteurs-de-la-pompe-a-proton/lanzor/acidite,✅ Fonctionnel,2026-03-04 21:48:49
https://www.meamedica.fr/cancer-hormones-et-antihormones/tamoxifene,✅ Fonctionnel,2026-03-04 21:48:49
https://www.meamedica.fr/cancer-hormones-et-antihormones/suprefact,✅ Fonctionnel,2026-03-04 21:48:50
https://www.meamedica.fr/cancer-hormones-et-antihormones/exemestane,✅ Fonctionnel,2026-03-04 21:48:51
https://www.meamedica.fr/nos-specialistes,✅ Fonctionnel,2026-03-04 21:48:51
https://www.meamedica.fr/autres-medicaments/metopirone,✅ Fonctionnel,2026-03-04 21:48:52
https://www.meamedica.fr/autres-medicaments/zavesca,✅ Fonctionnel,2026-03-04 21:48:52
https://www.meamedica.fr/autres-medicaments/renocis,✅ Fonctionnel,2026-03-04 21:48:53
https://www.meamedica.fr/cancer-autres-medicaments/tarceva/cancer-du-poumon,✅ Fonctionnel,2026-03-04 21:48:54
https://www.meamedica.fr/cancer-autres-medicaments/tarceva/cancer-du-pancreas,✅ Fonctionnel,2026-03-04 21:48:54
https://www.meamedica.fr/cholesterol/omacor,✅ Fonctionnel,2026-03-04 21:48:55
https://www.meamedica.fr/calculs-biliaires-et-foie/vibtil,✅ Fonctionnel,2026-03-04 21:48:55
https://www.meamedica.fr/cancer-autres-medicaments/torisel,✅ Fonctionnel,2026-03-04 21:48:56
https://www.meamedica.fr/cancer-autres-medicaments/lenvima,✅ Fonctionnel,2026-03-04 21:48:57
https://www.meamedica.fr/cancer/purinethol,✅ Fonctionnel,2026-03-04 21:48:58
https://www.meamedica.fr/cancer/opdivo,✅ Fonctionnel,2026-03-04 21:48:58
https://www.meamedica.fr/cancer/efudix,✅ Fonctionnel,2026-03-04 21:48:59
https://www.meamedica.fr/cancer/bavencio,✅ Fonctionnel,2026-03-04 21:49:00
https://www.meamedica.fr/cancer/paclitaxel,✅ Fonctionnel,2026-03-04 21:49:00
https://www.meamedica.fr/cancer/endoxan,✅ Fonctionnel,2026-03-04 21:49:01
https://www.meamedica.fr/cancer/cisplatine,✅ Fonctionnel,2026-03-04 21:49:01
https://www.meamedica.fr/cholesterol/befizal,✅ Fonctionnel,2026-03-04 21:49:02
https://www.meamedica.fr/cancer/xeloda,✅ Fonctionnel,2026-03-04 21:49:03
https://www.meamedica.fr/cancer-hormones-et-antihormones/faslodex/Cancer-du-sein,✅ Fonctionnel,2026-03-04 21:49:04
https://www.meamedica.fr/coeur-irrigation-sanguine-remedes-pour-le-coeur,✅ Fonctionnel,2026-03-04 21:49:04
https://www.meamedica.fr/cancer-hormones-et-antihormones/faslodex/cancer-du-sein,✅ Fonctionnel,2026-03-04 21:49:05
https://www.meamedica.fr/cholesterol/hyperlipen,✅ Fonctionnel,2026-03-04 21:49:06
https://www.meamedica.fr/cholesterol/ezetrol/6,✅ Fonctionnel,2026-03-04 21:49:06
https://www.meamedica.fr/coeur-irrigation-sanguine-remedes-pour-le-coeur/brinavess,✅ Fonctionnel,2026-03-04 21:49:07
https://www.meamedica.fr/cholesterol/ezetrol/4,✅ Fonctionnel,2026-03-04 21:49:08
https://www.meamedica.fr/cholesterol/ezetrol/3,✅ Fonctionnel,2026-03-04 21:49:08
https://www.meamedica.fr/cholesterol/ezetrol/2,✅ Fonctionnel,2026-03-04 21:49:09
https://www.meamedica.fr/cholesterol/ezetrol/cholesterol-eleve,✅ Fonctionnel,2026-03-04 21:49:10
https://www.meamedica.fr/cholesterol/ezetrol/5,✅ Fonctionnel,2026-03-04 21:49:11
https://www.meamedica.fr/cholesterol/pravastatine,✅ Fonctionnel,2026-03-04 21:49:12
https://www.meamedica.fr/cancer-hormones-et-antihormones/decapeptyl/cancer-de-la-prostate,✅ Fonctionnel,2026-03-04 21:49:13
https://www.meamedica.fr/cancer-hormones-et-antihormones/tamoxifene/acidite,✅ Fonctionnel,2026-03-04 21:49:14
https://www.meamedica.fr/cancer/purinethol/maladie-de-Crohn,✅ Fonctionnel,2026-03-04 21:49:14
https://www.meamedica.fr/cholesterol/ezetrol/7,✅ Fonctionnel,2026-03-04 21:49:15
https://www.meamedica.fr/cancer/purinethol/maladie-de-crohn,✅ Fonctionnel,2026-03-04 21:49:16
https://www.meamedica.fr/cancer-hormones-et-antihormones/decapeptyl,✅ Fonctionnel,2026-03-04 21:49:16
https://www.meamedica.fr/cancer-hormones-et-antihormones/orimetene,✅ Fonctionnel,2026-03-04 21:49:17
https://www.meamedica.fr/cancer/purinethol/colite-ulcereuse,✅ Fonctionnel,2026-03-04 21:49:18
https://www.meamedica.fr/contraception-autre/antigone/contraception,✅ Fonctionnel,2026-03-04 21:49:18
https://www.meamedica.fr/cholesterol/crestor/5,✅ Fonctionnel,2026-03-04 21:49:19
https://www.meamedica.fr/toxicomanie/champix,✅ Fonctionnel,2026-03-04 21:49:20
https://www.meamedica.fr/demence,✅ Fonctionnel,2026-03-04 21:49:21
https://www.meamedica.fr/coeur-irrigation-sanguine-remedes-pour-le-coeur/cordarone/2,✅ Fonctionnel,2026-03-04 21:49:22
https://www.meamedica.fr/coeur-irrigation-sanguine-remedes-pour-le-coeur/flecaine/7,✅ Fonctionnel,2026-03-04 21:49:23
https://www.meamedica.fr/coeur-irrigation-sanguine-remedes-pour-le-coeur/flecaine/6,✅ Fonctionnel,2026-03-04 21:49:24
https://www.meamedica.fr/coeur-irrigation-sanguine-remedes-pour-le-coeur/flecaine/3,✅ Fonctionnel,2026-03-04 21:49:25
https://www.meamedica.fr/coeur-irrigation-sanguine-remedes-pour-le-coeur/flecaine/fibrillation-atriale,✅ Fonctionnel,2026-03-04 21:49:26
https://www.meamedica.fr/coeur-irrigation-sanguine-remedes-pour-le-coeur/flecaine/5,✅ Fonctionnel,2026-03-04 21:49:26
https://www.meamedica.fr/coeur-irrigation-sanguine-autre/restorvol,✅ Fonctionnel,2026-03-04 21:49:27
https://www.meamedica.fr/coeur-irrigation-sanguine-remedes-pour-le-coeur/flecaine/trouble-rythme-cardiaque,✅ Fonctionnel,2026-03-04 21:49:28
https://www.meamedica.fr/contraception-autre/depo-provera,✅ Fonctionnel,2026-03-04 21:49:29
https://www.meamedica.fr/corticosteroides/cortancyl,✅ Fonctionnel,2026-03-04 21:49:29
https://www.meamedica.fr/contraception-monophasique,✅ Fonctionnel,2026-03-04 21:49:30
https://www.meamedica.fr/coeur-irrigation-sanguine-angine-de-poitrine/monicor,✅ Fonctionnel,2026-03-04 21:49:31
https://www.meamedica.fr/corticosteroides/depo-medrol,✅ Fonctionnel,2026-03-04 21:49:31
https://www.meamedica.fr/cholesterol/tahor/problemes-cardiaques,✅ Fonctionnel,2026-03-04 21:49:32
https://www.meamedica.fr/demence/hydergine,✅ Fonctionnel,2026-03-04 21:49:33
https://www.meamedica.fr/coeur-irrigation-sanguine-remedes-pour-le-coeur/rythmol/battements-de-coeur,✅ Fonctionnel,2026-03-04 21:49:33
https://www.meamedica.fr/cholesterol/caduet/tension-elevee,✅ Fonctionnel,2026-03-04 21:49:34
https://www.meamedica.fr/coeur-irrigation-sanguine-angine-de-poitrine/discotrine,✅ Fonctionnel,2026-03-04 21:49:35
https://www.meamedica.fr/contraception-autre/cerazette/contraception,✅ Fonctionnel,2026-03-04 21:49:36
https://www.meamedica.fr/contraception-autre/cerazette/acidite,✅ Fonctionnel,2026-03-04 21:49:36
https://www.meamedica.fr/contraception-autre/mirena/acne,✅ Fonctionnel,2026-03-04 21:49:37
https://www.meamedica.fr/contraception-autre/mirena/saignements,✅ Fonctionnel,2026-03-04 21:49:38
https://www.meamedica.fr/depression-antidepresseurs-autre/cymbalta/3,✅ Fonctionnel,2026-03-04 21:49:39
https://www.meamedica.fr/depression-antidepresseurs-autre/cymbalta/2,✅ Fonctionnel,2026-03-04 21:49:40
https://www.meamedica.fr/contraception-monophasique/jasmine,✅ Fonctionnel,2026-03-04 21:49:40
https://www.meamedica.fr/contraception-monophasique/stediril,✅ Fonctionnel,2026-03-04 21:49:41
https://www.meamedica.fr/contraception-monophasique/cilest,✅ Fonctionnel,2026-03-04 21:49:42
https://www.meamedica.fr/depression-antidepresseurs-autre/cymbalta/4,✅ Fonctionnel,2026-03-04 21:49:43
https://www.meamedica.fr/corticosteroides,✅ Fonctionnel,2026-03-04 21:49:43
https://www.meamedica.fr/depression-antidepresseurs-autre/cymbalta/problemes-psychiques,✅ Fonctionnel,2026-03-04 21:49:44
https://www.meamedica.fr/depression-antidepresseurs-autre/cymbalta/6,✅ Fonctionnel,2026-03-04 21:49:45
https://www.meamedica.fr/depression-antidepresseurs-autre/cymbalta/depression,✅ Fonctionnel,2026-03-04 21:49:46
https://www.meamedica.fr/contraception-monophasique/minesse/2,✅ Fonctionnel,2026-03-04 21:49:46
https://www.meamedica.fr/contraception-monophasique/minesse/contraception,✅ Fonctionnel,2026-03-04 21:49:47
https://www.meamedica.fr/depression-antidepresseurs-autre/cymbalta/depression-post-natale,✅ Fonctionnel,2026-03-04 21:49:48
https://www.meamedica.fr/contraception-autre/implanon/6,✅ Fonctionnel,2026-03-04 21:49:49
https://www.meamedica.fr/contraception-autre/evra/contraception,✅ Fonctionnel,2026-03-04 21:49:49
https://www.meamedica.fr/contraception-triphasique/qlaira/saignements,✅ Fonctionnel,2026-03-04 21:49:50
https://www.meamedica.fr/depression-antidepresseurs-autre/venlafaxine,✅ Fonctionnel,2026-03-04 21:49:52
https://www.meamedica.fr/corticosteroides/prednisolone/pseudo-polyarthrite-rhizomelique,✅ Fonctionnel,2026-03-04 21:49:52
https://www.meamedica.fr/depression-antidepresseurs-autre/athymil/depression,✅ Fonctionnel,2026-03-04 21:49:53
https://www.meamedica.fr/depression-antidepresseurs-autre/selsyn,✅ Fonctionnel,2026-03-04 21:49:54
https://www.meamedica.fr/depression-antidepresseurs-autre/cymbalta/douleur-nerveuse,✅ Fonctionnel,2026-03-04 21:49:54
https://www.meamedica.fr/depression-antidepresseurs-autre/cymbalta/5,✅ Fonctionnel,2026-03-04 21:49:55
https://www.meamedica.fr/depression-antidepresseurs-autre/cymbalta/7,✅ Fonctionnel,2026-03-04 21:49:56
https://www.meamedica.fr/depression-antidepresseurs-autre/norset,✅ Fonctionnel,2026-03-04 21:49:57
https://www.meamedica.fr/depression-antidepresseurs-autre/athymil/insomnie,✅ Fonctionnel,2026-03-04 21:49:57
https://www.meamedica.fr/depression-antidepresseurs-autre/athymil/3,✅ Fonctionnel,2026-03-04 21:49:58
https://www.meamedica.fr/corticosteroides/prednisone/maladie-de-crohn,✅ Fonctionnel,2026-03-04 21:49:59
https://www.meamedica.fr/depression-antidepresseurs-autre/cymbalta/angoisse-trouble-panique,✅ Fonctionnel,2026-03-04 21:50:00
https://www.meamedica.fr/cancer/taxotere,✅ Fonctionnel,2026-03-04 21:50:01
https://www.meamedica.fr/douleurs-combinaisons/klipal-codeine/arthrose,✅ Fonctionnel,2026-03-04 21:50:01
https://www.meamedica.fr/depression-antidepresseurs-irs/sertraline/7,✅ Fonctionnel,2026-03-04 21:50:02
https://www.meamedica.fr/depression-antidepresseurs-irs/sertraline/4,✅ Fonctionnel,2026-03-04 21:50:03
https://www.meamedica.fr/depression-antidepresseurs-irs/sertraline/2,✅ Fonctionnel,2026-03-04 21:50:03
https://www.meamedica.fr/depression-antidepresseurs-irs/sertraline/angoisse-trouble-panique,✅ Fonctionnel,2026-03-04 21:50:04
https://www.meamedica.fr/depression-antidepresseurs-irs/sertraline/troubles-d-angoisse,✅ Fonctionnel,2026-03-04 21:50:05
https://www.meamedica.fr/depression-antidepresseurs-autre/venlafaxine/douleur-nerveuse,✅ Fonctionnel,2026-03-04 21:50:06
https://www.meamedica.fr/depression-antidepresseurs-irs/zoloft,✅ Fonctionnel,2026-03-04 21:50:06
https://www.meamedica.fr/depression-antidepresseurs-irs/deroxat/5,✅ Fonctionnel,2026-03-04 21:50:07
https://www.meamedica.fr/depression-antidepresseurs-irs/deroxat/trouble-bipolaire-trouble-mani-depressif,✅ Fonctionnel,2026-03-04 21:50:08
https://www.meamedica.fr/depression-antidepresseurs-irs/deroxat/acidite,✅ Fonctionnel,2026-03-04 21:50:09
https://www.meamedica.fr/depression-antidepresseurs-irs/deroxat/angoisse-trouble-panique,✅ Fonctionnel,2026-03-04 21:50:10
https://www.meamedica.fr/depression-antidepresseurs-irs/deroxat/4,✅ Fonctionnel,2026-03-04 21:50:10
https://www.meamedica.fr/diabetes-medicaments-oraux/avandia,✅ Fonctionnel,2026-03-04 21:50:11
https://www.meamedica.fr/diabetes-medicaments-oraux/actos,✅ Fonctionnel,2026-03-04 21:50:12
https://www.meamedica.fr/depression-antidepresseurs-irs/sertraline/trouble-obsessionnel-compulsif-toc,✅ Fonctionnel,2026-03-04 21:50:13
https://www.meamedica.fr/diabetes-medicaments-oraux/miglucan,✅ Fonctionnel,2026-03-04 21:50:13
https://www.meamedica.fr/depression-antidepresseurs-irs/citalopram/troubles-d-angoisse,✅ Fonctionnel,2026-03-04 21:50:14
https://www.meamedica.fr/diabetes-medicaments-oraux/stagid,✅ Fonctionnel,2026-03-04 21:50:15
https://www.meamedica.fr/cholesterol/pravastatine/angine-de-poitrine,✅ Fonctionnel,2026-03-04 21:50:15
https://www.meamedica.fr/diabetes-medicaments-oraux/metformine/5,✅ Fonctionnel,2026-03-04 21:50:16
https://www.meamedica.fr/diabetes-medicaments-oraux/metformine/diabete-type-2,✅ Fonctionnel,2026-03-04 21:50:17
https://www.meamedica.fr/depression-antidepresseurs-tca/anafranil/phobie-sociale,✅ Fonctionnel,2026-03-04 21:50:18
https://www.meamedica.fr/douleurs-combinaisons/claradol-cafeine/migraine,✅ Fonctionnel,2026-03-04 21:50:18
https://www.meamedica.fr/douleurs-combinaisons/dafalgan-codeine/grippe,✅ Fonctionnel,2026-03-04 21:50:19
https://www.meamedica.fr/dossier/contraception,✅ Fonctionnel,2026-03-04 21:50:20
https://www.meamedica.fr/diabetes-medicaments-oraux/byetta/3,✅ Fonctionnel,2026-03-04 21:50:21
https://www.meamedica.fr/douleurs-combinaisons/actron/acne,✅ Fonctionnel,2026-03-04 21:50:21
https://www.meamedica.fr/diabetes-medicaments-oraux/stagid/problemes-intestins-diarrhee,✅ Fonctionnel,2026-03-04 21:50:22
https://www.meamedica.fr/diabetes-medicaments-oraux/victoza/2,✅ Fonctionnel,2026-03-04 21:50:24
https://www.meamedica.fr/douleurs-morphine/ixprim/fibromyalgie,✅ Fonctionnel,2026-03-04 21:50:24
https://www.meamedica.fr/douleurs-morphine/ixprim/rhumatisme,✅ Fonctionnel,2026-03-04 21:50:25
https://www.meamedica.fr/douleurs-morphine/durogesic/problemes-de-dos,✅ Fonctionnel,2026-03-04 21:50:26
https://www.meamedica.fr/douleurs-morphine/durogesic/fibromyalgie,✅ Fonctionnel,2026-03-04 21:50:26
https://www.meamedica.fr/douleurs-morphine/durogesic/2,✅ Fonctionnel,2026-03-04 21:50:27
https://www.meamedica.fr/douleurs-morphine/durogesic/cephalees,✅ Fonctionnel,2026-03-04 21:50:28
https://www.meamedica.fr/douleurs-morphine/contramal/fibromyalgie,✅ Fonctionnel,2026-03-04 21:50:28
https://www.meamedica.fr/douleurs-morphine/contramal/2,✅ Fonctionnel,2026-03-04 21:50:29
https://www.meamedica.fr/douleurs-morphine/oxycontin/brulures,✅ Fonctionnel,2026-03-04 21:50:30
https://www.meamedica.fr/douleurs-morphine/oxycontin/douleur-articulaire,✅ Fonctionnel,2026-03-04 21:50:30
https://www.meamedica.fr/douleurs-morphine/oxycontin/4,✅ Fonctionnel,2026-03-04 21:50:32
https://www.meamedica.fr/douleurs-morphine/oxycontin/hernie,✅ Fonctionnel,2026-03-04 21:50:33
https://www.meamedica.fr/douleurs-morphine/oxycontin/douleur-nerveuse,✅ Fonctionnel,2026-03-04 21:50:34
https://www.meamedica.fr/douleurs-morphine/oxycontin/arthrite-psoriatique,✅ Fonctionnel,2026-03-04 21:50:34
https://www.meamedica.fr/douleurs-morphine/oxycontin/inflammation-articulaire,✅ Fonctionnel,2026-03-04 21:50:35
https://www.meamedica.fr/douleurs-morphine/oxycontin/rhumatisme,✅ Fonctionnel,2026-03-04 21:50:35
https://www.meamedica.fr/douleurs-morphine/oxycontin/douleur-fantome,✅ Fonctionnel,2026-03-04 21:50:36
https://www.meamedica.fr/douleurs-morphine/oxycontin/polyneuropathie,✅ Fonctionnel,2026-03-04 21:50:37
https://www.meamedica.fr/depression-antidepresseurs-irs/lexapro/depression-chronique,✅ Fonctionnel,2026-03-04 21:50:37
https://www.meamedica.fr/depression-antidepresseurs-irs/lexapro/trouble-obsessionnel-compulsif-toc,✅ Fonctionnel,2026-03-04 21:50:38
https://www.meamedica.fr/douleurs-morphine/monocrixo,✅ Fonctionnel,2026-03-04 21:50:39
https://www.meamedica.fr/douleurs/doliprane/douleurs-menstruation,✅ Fonctionnel,2026-03-04 21:50:39
https://www.meamedica.fr/diabetes-insulines/lantus/3,✅ Fonctionnel,2026-03-04 21:50:40
https://www.meamedica.fr/douleurs-morphine/oxynorm,✅ Fonctionnel,2026-03-04 21:50:41
https://www.meamedica.fr/douleurs-morphine/monocrixo/douleur-nerveuse,✅ Fonctionnel,2026-03-04 21:50:42
https://www.meamedica.fr/douleurs/brufen,✅ Fonctionnel,2026-03-04 21:50:43
https://www.meamedica.fr/douleurs/chondrosulf,✅ Fonctionnel,2026-03-04 21:50:44
https://www.meamedica.fr/douleurs/nifluril,✅ Fonctionnel,2026-03-04 21:50:44
https://www.meamedica.fr/douleurs/paracetamol-codeine/douleur-general,✅ Fonctionnel,2026-03-04 21:50:45
https://www.meamedica.fr/douleurs/paracetamol-codeine/arthrose-colonne-vertebrale,✅ Fonctionnel,2026-03-04 21:50:45
https://www.meamedica.fr/douleurs/paracetamol-codeine/douleur-nerveuse,✅ Fonctionnel,2026-03-04 21:50:46
https://www.meamedica.fr/douleurs/paracetamol-codeine/2,✅ Fonctionnel,2026-03-04 21:50:47
https://www.meamedica.fr/douleurs/paracetamol-codeine/arthrose,✅ Fonctionnel,2026-03-04 21:50:48
https://www.meamedica.fr/depression-antidepresseurs-tca/laroxyl/mal-de-tete-du-au-stress,✅ Fonctionnel,2026-03-04 21:50:48
https://www.meamedica.fr/douleurs/paracetamol-codeine/3,✅ Fonctionnel,2026-03-04 21:50:49
https://www.meamedica.fr/depression-antidepresseurs-autre/effexor/troubles-d-angoisse,✅ Fonctionnel,2026-03-04 21:50:50
https://www.meamedica.fr/depression-antidepresseurs-autre/effexor/douleur-nerveuse,✅ Fonctionnel,2026-03-04 21:50:51
https://www.meamedica.fr/depression-antidepresseurs-autre/effexor/angoisse-trouble-panique,✅ Fonctionnel,2026-03-04 21:50:52
https://www.meamedica.fr/depression-antidepresseurs-autre/effexor/trouble-stress-post-traumatique,✅ Fonctionnel,2026-03-04 21:50:52
https://www.meamedica.fr/depression-antidepresseurs-irs/sertraline/fibromyalgie,✅ Fonctionnel,2026-03-04 21:50:53
https://www.meamedica.fr/douleurs/paracetamol-codeine/mal-aux-dents,✅ Fonctionnel,2026-03-04 21:50:54
https://www.meamedica.fr/douleurs/advil/arthrose,✅ Fonctionnel,2026-03-04 21:50:55
https://www.meamedica.fr/douleurs/advil/fibromyalgie,✅ Fonctionnel,2026-03-04 21:50:55
https://www.meamedica.fr/douleurs-morphine/zaldiar/7,✅ Fonctionnel,2026-03-04 21:50:57
https://www.meamedica.fr/douleurs-morphine/zaldiar/maladie-de-crohn,✅ Fonctionnel,2026-03-04 21:50:58
https://www.meamedica.fr/douleurs-morphine/zaldiar/6,✅ Fonctionnel,2026-03-04 21:50:59
https://www.meamedica.fr/douleurs-morphine/zaldiar/maladie-de-Crohn,✅ Fonctionnel,2026-03-04 21:51:00
https://www.meamedica.fr/douleurs/paracetamol-codeine/mal-de-tete,✅ Fonctionnel,2026-03-04 21:51:00
https://www.meamedica.fr/douleurs-morphine/zamudol/douleur-nerveuse,✅ Fonctionnel,2026-03-04 21:51:01
https://www.meamedica.fr/douleurs-morphine/zamudol/fibromyalgie,✅ Fonctionnel,2026-03-04 21:51:01
https://www.meamedica.fr/douleurs-morphine/tramadol/5,✅ Fonctionnel,2026-03-04 21:51:02
https://www.meamedica.fr/douleurs/artotec/douleur-musculaire,✅ Fonctionnel,2026-03-04 21:51:03
https://www.meamedica.fr/douleurs/paracetamol-codeine/problemes-de-dos,✅ Fonctionnel,2026-03-04 21:51:03
https://www.meamedica.fr/douleurs/arcoxia/cephalee,✅ Fonctionnel,2026-03-04 21:51:04
https://www.meamedica.fr/douleurs/arcoxia/douleur-general,✅ Fonctionnel,2026-03-04 21:51:05
https://www.meamedica.fr/douleurs/biprofenid/arthrose,✅ Fonctionnel,2026-03-04 21:51:05
https://www.meamedica.fr/douleurs/diclofenac/rhumatisme,✅ Fonctionnel,2026-03-04 21:51:06
https://www.meamedica.fr/douleurs/diclofenac/hernie,✅ Fonctionnel,2026-03-04 21:51:07
https://www.meamedica.fr/douleurs/voltarene,✅ Fonctionnel,2026-03-04 21:51:08
https://www.meamedica.fr/douleurs/diclofenac/douleur-general,✅ Fonctionnel,2026-03-04 21:51:08
https://www.meamedica.fr/douleurs/pridax,✅ Fonctionnel,2026-03-04 21:51:09
https://www.meamedica.fr/epilepsie/aparoxal,✅ Fonctionnel,2026-03-04 21:51:09
https://www.meamedica.fr/douleurs/celebrex/fibromyalgie,✅ Fonctionnel,2026-03-04 21:51:10
https://www.meamedica.fr/douleurs/ibuprofene/hernie,✅ Fonctionnel,2026-03-04 21:51:11
https://www.meamedica.fr/epilepsie/lamictal,✅ Fonctionnel,2026-03-04 21:51:11
https://www.meamedica.fr/douleurs/antadys/douleur-general,✅ Fonctionnel,2026-03-04 21:51:12
https://www.meamedica.fr/estomac-autre/meteospasmyl/acidite,✅ Fonctionnel,2026-03-04 21:51:13
https://www.meamedica.fr/epilepsie/depamide/epilepsie,✅ Fonctionnel,2026-03-04 21:51:14
https://www.meamedica.fr/glande-thyroide-hyperthyroidie-a-action-rapide,✅ Fonctionnel,2026-03-04 21:51:14
https://www.meamedica.fr/glande-thyroide-hypothyroidie-a-action-lente/l-thyroxin-henning/5,✅ Fonctionnel,2026-03-04 21:51:15
https://www.meamedica.fr/glande-thyroide-hyperthyroidie-a-action-rapide/thyrozol,✅ Fonctionnel,2026-03-04 21:51:16
https://www.meamedica.fr/glande-thyroide-hyperthyroidie-a-action-rapide/proracyl,✅ Fonctionnel,2026-03-04 21:51:17
https://www.meamedica.fr/glande-thyroide-hyperthyroidie-a-action-rapide/basdene,✅ Fonctionnel,2026-03-04 21:51:17
https://www.meamedica.fr/glande-thyroide-hyperthyroidie-a-action-rapide/neo-mercazole,✅ Fonctionnel,2026-03-04 21:51:18
https://www.meamedica.fr/epilepsie/lyrica/angoisse-trouble-panique,✅ Fonctionnel,2026-03-04 21:51:19
https://www.meamedica.fr/epilepsie/lyrica/cancer-de-la-prostate,✅ Fonctionnel,2026-03-04 21:51:20
https://www.meamedica.fr/homeopathie-phytotherapie,✅ Fonctionnel,2026-03-04 21:51:21
https://www.meamedica.fr/epilepsie/lyrica/cephalees,✅ Fonctionnel,2026-03-04 21:51:21
https://www.meamedica.fr/epilepsie/rivotril/douleur-nerveuse,✅ Fonctionnel,2026-03-04 21:51:22
https://www.meamedica.fr/hiv-sida/fortovase,✅ Fonctionnel,2026-03-04 21:51:23
https://www.meamedica.fr/hiv-sida/zerit,✅ Fonctionnel,2026-03-04 21:51:23
https://www.meamedica.fr/epilepsie/keppra/4,✅ Fonctionnel,2026-03-04 21:51:25
https://www.meamedica.fr/epilepsie/tegretol/douleur-nerveuse,✅ Fonctionnel,2026-03-04 21:51:26
https://www.meamedica.fr/epilepsie/pregabaline/fibromyalgie,✅ Fonctionnel,2026-03-04 21:51:27
https://www.meamedica.fr/epilepsie/keppra/6,✅ Fonctionnel,2026-03-04 21:51:27
https://www.meamedica.fr/hiv-sida/hivid,✅ Fonctionnel,2026-03-04 21:51:28
https://www.meamedica.fr/hiv-sida/intelence,✅ Fonctionnel,2026-03-04 21:51:29
https://www.meamedica.fr/epilepsie/pregabaline/douleur-nerveuse,✅ Fonctionnel,2026-03-04 21:51:29
https://www.meamedica.fr/depression-antidepresseurs-irs/sertraline/depression-chronique,✅ Fonctionnel,2026-03-04 21:51:30
https://www.meamedica.fr/glande-thyroide-hyperthyroidie-a-action-rapide/thyrozol/glande-thyroide-hyperactive,✅ Fonctionnel,2026-03-04 21:51:31
https://www.meamedica.fr/glande-thyroide-hyperthyroidie-a-action-rapide/basdene/hyperthyroidie,✅ Fonctionnel,2026-03-04 21:51:32
https://www.meamedica.fr/glande-thyroide-hyperthyroidie-a-action-rapide/neo-mercazole/glande-thyroide-lente,✅ Fonctionnel,2026-03-04 21:51:33
https://www.meamedica.fr/glande-thyroide-hyperthyroidie-a-action-rapide/neo-mercazole/thyroide,✅ Fonctionnel,2026-03-04 21:51:33
https://www.meamedica.fr/glande-thyroide-hyperthyroidie-a-action-rapide/neo-mercazole/Thyroide,✅ Fonctionnel,2026-03-04 21:51:34
https://www.meamedica.fr/glande-thyroide-hypothyroidie-a-action-lente/cynomel/thyroide,✅ Fonctionnel,2026-03-04 21:51:35
https://www.meamedica.fr/glande-thyroide-hypothyroidie-a-action-lente/cynomel/glande-thyroide-hyperactive,✅ Fonctionnel,2026-03-04 21:51:36
https://www.meamedica.fr/hormones-antihormones,✅ Fonctionnel,2026-03-04 21:51:36
https://www.meamedica.fr/hemorroides-et-fissures-vasculaires/troxerutine/mal-de-tete,✅ Fonctionnel,2026-03-04 21:51:37
https://www.meamedica.fr/glande-thyroide-hypothyroidie-a-action-lente/tcaps/2,✅ Fonctionnel,2026-03-04 21:51:39
https://www.meamedica.fr/glande-thyroide-hyperthyroidie-a-action-rapide/neo-mercazole/glande-thyroide-hyperactive/2,✅ Fonctionnel,2026-03-04 21:51:39
https://www.meamedica.fr/hormones-progestagenes,✅ Fonctionnel,2026-03-04 21:51:40
https://www.meamedica.fr/hormones-oestrogenes,✅ Fonctionnel,2026-03-04 21:51:41
https://www.meamedica.fr/homeopathie-phytotherapie/aconitum-compose,✅ Fonctionnel,2026-03-04 21:51:42
https://www.meamedica.fr/homeopathie-phytotherapie/pilosuryl,✅ Fonctionnel,2026-03-04 21:51:42
https://www.meamedica.fr/homeopathie-phytotherapie/acidum-phosphoricum-comp,✅ Fonctionnel,2026-03-04 21:51:43
https://www.meamedica.fr/homeopathie-phytotherapie/climaxol,✅ Fonctionnel,2026-03-04 21:51:44
https://www.meamedica.fr/homeopathie-phytotherapie/chophytol,✅ Fonctionnel,2026-03-04 21:51:44
https://www.meamedica.fr/hemorroides-et-fissures-vasculaires/daflon/douleur-nerveuse,✅ Fonctionnel,2026-03-04 21:51:45
https://www.meamedica.fr/hormones-oestrogenes/gydrelle,✅ Fonctionnel,2026-03-04 21:51:46
https://www.meamedica.fr/hormones-oestrogenes/oromone,✅ Fonctionnel,2026-03-04 21:51:46
https://www.meamedica.fr/hormones-oestrogenes/oesclim,✅ Fonctionnel,2026-03-04 21:51:47
https://www.meamedica.fr/hormones-oestrogenes/estraderm,✅ Fonctionnel,2026-03-04 21:51:48
https://www.meamedica.fr/lepre,✅ Fonctionnel,2026-03-04 21:51:48
https://www.meamedica.fr/maladie/%C5%93sophage-de-barrett,✅ Fonctionnel,2026-03-04 21:51:49
https://www.meamedica.fr/hormones-antihormones/androcur/6,✅ Fonctionnel,2026-03-04 21:51:51
https://www.meamedica.fr/maladie/ablation-de-la-thyro%C3%AFde,✅ Fonctionnel,2026-03-04 21:51:52
https://www.meamedica.fr/infection-fongique-peau,✅ Fonctionnel,2026-03-04 21:51:52
https://www.meamedica.fr/hormones-antihormones/androcur/cancer-de-la-prostate,✅ Fonctionnel,2026-03-04 21:51:53
https://www.meamedica.fr/hormones-antihormones/clomid/fibromyalgie,✅ Fonctionnel,2026-03-04 21:51:54
https://www.meamedica.fr/maladie/extraction-dentaire,✅ Fonctionnel,2026-03-04 21:51:55
https://www.meamedica.fr/hormones-combinaisons/climaston/retour-d-age,✅ Fonctionnel,2026-03-04 21:51:55
https://www.meamedica.fr/maladie/asthme,✅ Fonctionnel,2026-03-04 21:51:56
https://www.meamedica.fr/maladie/battements-de-coeur,✅ Fonctionnel,2026-03-04 21:51:58
https://www.meamedica.fr/maladie/brulure-d-estomac-acidite-gastrique,✅ Fonctionnel,2026-03-04 21:51:59
https://www.meamedica.fr/maladie/glande-thyroide-hyperactive,✅ Fonctionnel,2026-03-04 21:52:00
https://www.meamedica.fr/hormones-progestagenes/colprone/contraception,✅ Fonctionnel,2026-03-04 21:52:00
https://www.meamedica.fr/maladie/problemes-cardiaques,✅ Fonctionnel,2026-03-04 21:52:01
https://www.meamedica.fr/maladie/inflammation-articulaire,✅ Fonctionnel,2026-03-04 21:52:03
https://www.meamedica.fr/maladie/infection-urinaire,✅ Fonctionnel,2026-03-04 21:52:04
https://www.meamedica.fr/maladie/hernie,✅ Fonctionnel,2026-03-04 21:52:05
https://www.meamedica.fr/infection-fongique-systemique/cancidas,✅ Fonctionnel,2026-03-04 21:52:05
https://www.meamedica.fr/maladie/problemes-de-dos,✅ Fonctionnel,2026-03-04 21:52:06
https://www.meamedica.fr/infection-fongique-systemique/grisefuline,✅ Fonctionnel,2026-03-04 21:52:07
https://www.meamedica.fr/maladie/mal-de-tete-du-au-stress,✅ Fonctionnel,2026-03-04 21:52:08
https://www.meamedica.fr/maladie/sinusite,✅ Fonctionnel,2026-03-04 21:52:09
https://www.meamedica.fr/infection-fongique-peau/pevaryl/mycose-pied,✅ Fonctionnel,2026-03-04 21:52:09
https://www.meamedica.fr/infection-fongique-peau/pevaryl/mycose-de-la-peau,✅ Fonctionnel,2026-03-04 21:52:10
https://www.meamedica.fr/maladie/tendinite-jambe,✅ Fonctionnel,2026-03-04 21:52:11
https://www.meamedica.fr/maladie/psychose,✅ Fonctionnel,2026-03-04 21:52:12
https://www.meamedica.fr/infections-virales/sebivo,✅ Fonctionnel,2026-03-04 21:52:12
https://www.meamedica.fr/infection-fongique-vaginale/gyno-daktarin/4,✅ Fonctionnel,2026-03-04 21:52:14
https://www.meamedica.fr/infection-fongique-peau/ketoderm,✅ Fonctionnel,2026-03-04 21:52:14
https://www.meamedica.fr/maladie/trouble-rythme-cardiaque,✅ Fonctionnel,2026-03-04 21:52:15
https://www.meamedica.fr/maladie/thrombose,✅ Fonctionnel,2026-03-04 21:52:16
https://www.meamedica.fr/hormones-androgenes/nebido,✅ Fonctionnel,2026-03-04 21:52:17
https://www.meamedica.fr/hormones-androgenes/testopatch,✅ Fonctionnel,2026-03-04 21:52:18
https://www.meamedica.fr/estomac-autre/sucralfate,✅ Fonctionnel,2026-03-04 21:52:18
https://www.meamedica.fr/maladie/rhumatisme,✅ Fonctionnel,2026-03-04 21:52:19
https://www.meamedica.fr/hormones-autre/ovitrelle,✅ Fonctionnel,2026-03-04 21:52:20
https://www.meamedica.fr/maladie/trouble-obsessionnel-compulsif-toc,✅ Fonctionnel,2026-03-04 21:52:21
https://www.meamedica.fr/hormones-progestagenes/duphaston/endometriose,✅ Fonctionnel,2026-03-04 21:52:22
https://www.meamedica.fr/maladie/fibromyalgie,✅ Fonctionnel,2026-03-04 21:52:23
https://www.meamedica.fr/hormones-autre/menopur,✅ Fonctionnel,2026-03-04 21:52:23
https://www.meamedica.fr/muscles-squelette-myorelaxant,✅ Fonctionnel,2026-03-04 21:52:24
https://www.meamedica.fr/muscles-squelette-myorelaxant/baclofene/crampes-jambes,✅ Fonctionnel,2026-03-04 21:52:25
https://www.meamedica.fr/muscles-squelette-myorelaxant/baclofene/2,✅ Fonctionnel,2026-03-04 21:52:25
https://www.meamedica.fr/muscles-squelette-myorelaxant/baclofene/douleur-general,✅ Fonctionnel,2026-03-04 21:52:26
https://www.meamedica.fr/muscles-squelette-myorelaxant/baclofene/4,✅ Fonctionnel,2026-03-04 21:52:27
https://www.meamedica.fr/muscles-squelette-myorelaxant/baclofene/douleur-musculaire,✅ Fonctionnel,2026-03-04 21:52:27
https://www.meamedica.fr/muscles-squelette-myorelaxant/baclofene/5,✅ Fonctionnel,2026-03-04 21:52:28
https://www.meamedica.fr/muscles-squelette-myorelaxant/baclofene/6,✅ Fonctionnel,2026-03-04 21:52:29
https://www.meamedica.fr/muscles-squelette-myorelaxant/baclofene/alcoolisme,✅ Fonctionnel,2026-03-04 21:52:30
https://www.meamedica.fr/muscles-squelette-myorelaxant/baclofene/angoisse-trouble-panique,✅ Fonctionnel,2026-03-04 21:52:30
https://www.meamedica.fr/muscles-squelette-myorelaxant/baclofene/troubles-d-angoisse,✅ Fonctionnel,2026-03-04 21:52:31
https://www.meamedica.fr/migraine/sumatriptan/cephalee,✅ Fonctionnel,2026-03-04 21:52:32
https://www.meamedica.fr/migraine/sumatriptan/5,✅ Fonctionnel,2026-03-04 21:52:33
https://www.meamedica.fr/migraine/nocertone/2,✅ Fonctionnel,2026-03-04 21:52:34
https://www.meamedica.fr/migraine/sanmigran/4,✅ Fonctionnel,2026-03-04 21:52:36
https://www.meamedica.fr/migraine/sumatriptan/mal-de-tete-du-au-stress,✅ Fonctionnel,2026-03-04 21:52:36
https://www.meamedica.fr/migraine/sanmigran/mal-de-tete,✅ Fonctionnel,2026-03-04 21:52:37
https://www.meamedica.fr/muscles-squelette-myorelaxant/baclofene/3,✅ Fonctionnel,2026-03-04 21:52:37
https://www.meamedica.fr/migraine/migpriv,✅ Fonctionnel,2026-03-04 21:52:38
https://www.meamedica.fr/migraine/sanmigran,✅ Fonctionnel,2026-03-04 21:52:39
https://www.meamedica.fr/mineraux/perical,✅ Fonctionnel,2026-03-04 21:52:39
https://www.meamedica.fr/mineraux/efimag,✅ Fonctionnel,2026-03-04 21:52:40
https://www.meamedica.fr/maladie/diabete-type-3,✅ Fonctionnel,2026-03-04 21:52:41
https://www.meamedica.fr/muscles-squelette-myorelaxant/miorel/inflammation-articulaire,✅ Fonctionnel,2026-03-04 21:52:42
https://www.meamedica.fr/muscles-squelette-myorelaxant/baclofene,✅ Fonctionnel,2026-03-04 21:52:42
https://www.meamedica.fr/muscles-squelette-myorelaxant/lumirelax,✅ Fonctionnel,2026-03-04 21:52:43
https://www.meamedica.fr/muscles-squelette-myorelaxant/lioresal,✅ Fonctionnel,2026-03-04 21:52:44
https://www.meamedica.fr/migraine/zolmitriptan/allergie-acariens,✅ Fonctionnel,2026-03-04 21:52:45
https://www.meamedica.fr/douleurs-morphine/tramadol/arthrose-colonne-vertebrale,✅ Fonctionnel,2026-03-04 21:52:46
https://www.meamedica.fr/nez,✅ Fonctionnel,2026-03-04 21:52:47
https://www.meamedica.fr/nouveau-medicament,✅ Fonctionnel,2026-03-04 21:52:47
https://www.meamedica.fr/parasites-autre/secnol,✅ Fonctionnel,2026-03-04 21:52:48
https://www.meamedica.fr/parkinson,✅ Fonctionnel,2026-03-04 21:52:49
https://www.meamedica.fr/nez/avamys,✅ Fonctionnel,2026-03-04 21:52:50
https://www.meamedica.fr/nez/lomusol,✅ Fonctionnel,2026-03-04 21:52:50
https://www.meamedica.fr/mineraux/cacit/osteoporose,✅ Fonctionnel,2026-03-04 21:52:51
https://www.meamedica.fr/parkinson/sifrol/6,✅ Fonctionnel,2026-03-04 21:52:52
https://www.meamedica.fr/parkinson/sifrol/3,✅ Fonctionnel,2026-03-04 21:52:52
https://www.meamedica.fr/muscles-squelette-osteoporose-maladies-osseuses/aclasta/2,✅ Fonctionnel,2026-03-04 21:52:53
https://www.meamedica.fr/parkinson/sifrol/5,✅ Fonctionnel,2026-03-04 21:52:54
https://www.meamedica.fr/parkinson/sifrol/4,✅ Fonctionnel,2026-03-04 21:52:55
https://www.meamedica.fr/peau-antibiotiques/fucidine/impetigo,✅ Fonctionnel,2026-03-04 21:52:55
https://www.meamedica.fr/nez/nasonex/rhume-des-foins,✅ Fonctionnel,2026-03-04 21:52:56
https://www.meamedica.fr/nez/flixonase/allergie-acariens,✅ Fonctionnel,2026-03-04 21:52:57
https://www.meamedica.fr/muscles-squelette-myorelaxant/tetrazepam/hernie,✅ Fonctionnel,2026-03-04 21:52:57
https://www.meamedica.fr/muscles-squelette-myorelaxant/myolastan/arthrose,✅ Fonctionnel,2026-03-04 21:52:58
https://www.meamedica.fr/parkinson/sifrol/fibromyalgie,✅ Fonctionnel,2026-03-04 21:52:59
https://www.meamedica.fr/parkinson/sifrol/2,✅ Fonctionnel,2026-03-04 21:52:59
https://www.meamedica.fr/nez/rhinureflex,✅ Fonctionnel,2026-03-04 21:53:00
https://www.meamedica.fr/peau-antibiotiques/flammazine,✅ Fonctionnel,2026-03-04 21:53:01
https://www.meamedica.fr/migraine/sumatriptan/mal-de-tete,✅ Fonctionnel,2026-03-04 21:53:01
https://www.meamedica.fr/muscles-squelette-myorelaxant/lumirelax/3,✅ Fonctionnel,2026-03-04 21:53:02
https://www.meamedica.fr/muscles-squelette-myorelaxant/lumirelax/2,✅ Fonctionnel,2026-03-04 21:53:03
https://www.meamedica.fr/paludisme/clioquinol,✅ Fonctionnel,2026-03-04 21:53:04
https://www.meamedica.fr/paludisme/lariam,✅ Fonctionnel,2026-03-04 21:53:05
https://www.meamedica.fr/paludisme/malarone,✅ Fonctionnel,2026-03-04 21:53:06
https://www.meamedica.fr/sang-coagulation-autre/polyionique,✅ Fonctionnel,2026-03-04 21:53:06
https://www.meamedica.fr/parkinson/sifrol,✅ Fonctionnel,2026-03-04 21:53:07
https://www.meamedica.fr/parkinson/adartrel,✅ Fonctionnel,2026-03-04 21:53:08
https://www.meamedica.fr/parkinson/modopar,✅ Fonctionnel,2026-03-04 21:53:09
https://www.meamedica.fr/peau-antibiotiques/sicazine,✅ Fonctionnel,2026-03-04 21:53:10
https://www.meamedica.fr/robots.txt,✅ Fonctionnel,2026-03-04 21:53:10
https://www.meamedica.fr/peau-combinaisons,✅ Fonctionnel,2026-03-04 21:53:11
https://www.meamedica.fr/sang-coagulation-autre/glucidion,✅ Fonctionnel,2026-03-04 21:53:11
https://www.meamedica.fr/sang-coagulation-autre/clinimix,✅ Fonctionnel,2026-03-04 21:53:12
https://www.meamedica.fr/sang-coagulation-autre/isofundine,✅ Fonctionnel,2026-03-04 21:53:12
https://www.meamedica.fr/sang-coagulation-hemorragie,✅ Fonctionnel,2026-03-04 21:53:13
https://www.meamedica.fr/sang-coagulation-autre/structokabiven,✅ Fonctionnel,2026-03-04 21:53:13
https://www.meamedica.fr/peau-antibiotiques/mupiderm/acne,✅ Fonctionnel,2026-03-04 21:53:14
https://www.meamedica.fr/peau-corticosteroides/locoid/eczema,✅ Fonctionnel,2026-03-04 21:53:15
https://www.meamedica.fr/rhumatisme/art-50,✅ Fonctionnel,2026-03-04 21:53:16
https://www.meamedica.fr/peau-corticosteroides/diprolene,✅ Fonctionnel,2026-03-04 21:53:16
https://www.meamedica.fr/peau-corticosteroides/synalar,✅ Fonctionnel,2026-03-04 21:53:17
https://www.meamedica.fr/psychose-schizophrenie-antipsychotique/fluanxol/psychose,✅ Fonctionnel,2026-03-04 21:53:18
https://www.meamedica.fr/psychose-schizophrenie-antipsychotique/risperdal/douleur-musculaire,✅ Fonctionnel,2026-03-04 21:53:18
https://www.meamedica.fr/psychose-schizophrenie-antipsychotique/lithium/cephalee,✅ Fonctionnel,2026-03-04 21:53:19
https://www.meamedica.fr/psychose-schizophrenie-antipsychotique/sycrest,✅ Fonctionnel,2026-03-04 21:53:20
https://www.meamedica.fr/psychose-schizophrenie-antipsychotique/neuleptil,✅ Fonctionnel,2026-03-04 21:53:21
https://www.meamedica.fr/sang-coagulation-hemorragie/kaskadil,✅ Fonctionnel,2026-03-04 21:53:21
https://www.meamedica.fr/sang-coagulation-hemorragie/octaplex,✅ Fonctionnel,2026-03-04 21:53:22
https://www.meamedica.fr/sang-coagulation-hemorragie/octanine,✅ Fonctionnel,2026-03-04 21:53:22
https://www.meamedica.fr/psychose-schizophrenie-antipsychotique/quetiapine/inquietude,✅ Fonctionnel,2026-03-04 21:53:23
https://www.meamedica.fr/sang-coagulation-anemie/fumafer,✅ Fonctionnel,2026-03-04 21:53:24
https://www.meamedica.fr/sang-coagulation-anemie/fercayl,✅ Fonctionnel,2026-03-04 21:53:24
https://www.meamedica.fr/sang-coagulation-anemie/abseamed,✅ Fonctionnel,2026-03-04 21:53:25
https://www.meamedica.fr/parasites-autre/flagyl/5,✅ Fonctionnel,2026-03-04 21:53:25
https://www.meamedica.fr/sang-coagulation-thrombose-caillot-de-sang/brilique/anti-conception,✅ Fonctionnel,2026-03-04 21:53:26
https://www.meamedica.fr/psychose-schizophrenie-antipsychotique/invega/trouble-bipolaire-trouble-mani-depressif,✅ Fonctionnel,2026-03-04 21:53:27
https://www.meamedica.fr/sang-coagulation-thrombose-caillot-de-sang/eliquis/2,✅ Fonctionnel,2026-03-04 21:53:28
https://www.meamedica.fr/sang-coagulation-thrombose-caillot-de-sang/eliquis/5,✅ Fonctionnel,2026-03-04 21:53:29
https://www.meamedica.fr/sang-coagulation-thrombose-caillot-de-sang/eliquis/thrombose,✅ Fonctionnel,2026-03-04 21:53:30
https://www.meamedica.fr/sang-coagulation-thrombose-caillot-de-sang/revasc,✅ Fonctionnel,2026-03-04 21:53:31
https://www.meamedica.fr/sang-coagulation-thrombose-caillot-de-sang/eliquis/4,✅ Fonctionnel,2026-03-04 21:53:31
https://www.meamedica.fr/sang-coagulation-thrombose-caillot-de-sang/eliquis/fibrillation-atriale,✅ Fonctionnel,2026-03-04 21:53:32
https://www.meamedica.fr/sang-coagulation-thrombose-caillot-de-sang/eliquis/7,✅ Fonctionnel,2026-03-04 21:53:33
https://www.meamedica.fr/sang-coagulation-thrombose-caillot-de-sang/heparine,✅ Fonctionnel,2026-03-04 21:53:33
https://www.meamedica.fr/sang-coagulation-thrombose-caillot-de-sang/clivarine,✅ Fonctionnel,2026-03-04 21:53:34
https://www.meamedica.fr/parkinson/sinemet,✅ Fonctionnel,2026-03-04 21:53:35
https://www.meamedica.fr/sedatifs-et-tranquillisants/imovane,✅ Fonctionnel,2026-03-04 21:53:36
https://www.meamedica.fr/systeme-immunitaire-immunostimulants/sargramostim,✅ Fonctionnel,2026-03-04 21:53:37
https://www.meamedica.fr/sang-coagulation-thrombose-caillot-de-sang/persantine/mal-aux-dents,✅ Fonctionnel,2026-03-04 21:53:38
https://www.meamedica.fr/sedatifs-et-tranquillisants/noctran,✅ Fonctionnel,2026-03-04 21:53:38
https://www.meamedica.fr/tension-arterielle-angiotensine-antagonistes,✅ Fonctionnel,2026-03-04 21:53:39
https://www.meamedica.fr/tension-arterielle-beta-bloquant,✅ Fonctionnel,2026-03-04 21:53:40
https://www.meamedica.fr/systeme-immunitaire-immunosuppression/avastin,✅ Fonctionnel,2026-03-04 21:53:40
https://www.meamedica.fr/systeme-immunitaire-immunosuppression/erbitux,✅ Fonctionnel,2026-03-04 21:53:41
https://www.meamedica.fr/paludisme/malarone/problemes-intestins-diarrhee,✅ Fonctionnel,2026-03-04 21:53:42
https://www.meamedica.fr/systeme-immunitaire-immunosuppression/xeljanz,✅ Fonctionnel,2026-03-04 21:53:42
https://www.meamedica.fr/systeme-immunitaire-immunosuppression/otezla,✅ Fonctionnel,2026-03-04 21:53:43
https://www.meamedica.fr/sang-coagulation-thrombose-caillot-de-sang/xarelto/embolie-pulmonaire,✅ Fonctionnel,2026-03-04 21:53:44
https://www.meamedica.fr/sang-coagulation-thrombose-caillot-de-sang/xarelto/2,✅ Fonctionnel,2026-03-04 21:53:46
https://www.meamedica.fr/tension-arterielle-beta-bloquant/avlocardyl/tension-elevee,✅ Fonctionnel,2026-03-04 21:53:46
https://www.meamedica.fr/systeme-immunitaire-immunosuppression/methotrexate/arthrite-psoriatique,✅ Fonctionnel,2026-03-04 21:53:48
https://www.meamedica.fr/systeme-immunitaire-immunosuppression/methotrexate/7,✅ Fonctionnel,2026-03-04 21:53:49
https://www.meamedica.fr/systeme-immunitaire-immunosuppression/benepali,✅ Fonctionnel,2026-03-04 21:53:50
https://www.meamedica.fr/systeme-immunitaire-immunosuppression/metoject/spondylarthrite-ankylosante,✅ Fonctionnel,2026-03-04 21:53:51
https://www.meamedica.fr/systeme-immunitaire-immunosuppression/enbrel/3,✅ Fonctionnel,2026-03-04 21:53:52
https://www.meamedica.fr/tension-arterielle-anti-adrenergique/zoxan,✅ Fonctionnel,2026-03-04 21:53:53
https://www.meamedica.fr/tension-arterielle-anti-adrenergique/mediatensyl,✅ Fonctionnel,2026-03-04 21:53:54
https://www.meamedica.fr/systeme-immunitaire-vaccins/revaxis,✅ Fonctionnel,2026-03-04 21:53:54
https://www.meamedica.fr/systeme-immunitaire-vaccins/neisvac,✅ Fonctionnel,2026-03-04 21:53:55
https://www.meamedica.fr/systeme-immunitaire-vaccins/gardasil-9,✅ Fonctionnel,2026-03-04 21:53:55
https://www.meamedica.fr/systeme-immunitaire-vaccins/repevax,✅ Fonctionnel,2026-03-04 21:53:56
https://www.meamedica.fr/systeme-immunitaire-vaccins/ror-vax,✅ Fonctionnel,2026-03-04 21:53:57
https://www.meamedica.fr/peau-autre/dupixent,✅ Fonctionnel,2026-03-04 21:53:57
https://www.meamedica.fr/peau-autre/dexeryl,✅ Fonctionnel,2026-03-04 21:53:58
https://www.meamedica.fr/toxicomanie/nalorex,✅ Fonctionnel,2026-03-04 21:53:59
https://www.meamedica.fr/toxicomanie/selincro,✅ Fonctionnel,2026-03-04 21:53:59
https://www.meamedica.fr/tension-arterielle-beta-bloquant/acebutolol/2,✅ Fonctionnel,2026-03-04 21:54:00
https://www.meamedica.fr/tension-arterielle-calcium-antagoniste/felodipine,✅ Fonctionnel,2026-03-04 21:54:01
https://www.meamedica.fr/tension-arterielle-calcium-antagoniste/lercan,✅ Fonctionnel,2026-03-04 21:54:02
https://www.meamedica.fr/tension-arterielle-calcium-antagoniste/loxen,✅ Fonctionnel,2026-03-04 21:54:03
https://www.meamedica.fr/toux-rhume/bronkirex,✅ Fonctionnel,2026-03-04 21:54:03
https://www.meamedica.fr/toxicomanie/esperal,✅ Fonctionnel,2026-03-04 21:54:04
https://www.meamedica.fr/systeme-immunitaire-serum-et-immunoglobulines/endobuline,✅ Fonctionnel,2026-03-04 21:54:04
https://www.meamedica.fr/toux-rhume/acetylcysteine,✅ Fonctionnel,2026-03-04 21:54:05
https://www.meamedica.fr/toxicomanie/methadone,✅ Fonctionnel,2026-03-04 21:54:06
https://www.meamedica.fr/toxicomanie/champix/7,✅ Fonctionnel,2026-03-04 21:54:07
https://www.meamedica.fr/toux-rhume/helicidine,✅ Fonctionnel,2026-03-04 21:54:07
https://www.meamedica.fr/toux-rhume/pholcodine,✅ Fonctionnel,2026-03-04 21:54:08
https://www.meamedica.fr/toxicomanie/niquitin,✅ Fonctionnel,2026-03-04 21:54:09
https://www.meamedica.fr/tension-arterielle-beta-bloquant/bisoprolol/problemes-cardiaques,✅ Fonctionnel,2026-03-04 21:54:10
https://www.meamedica.fr/tension-arterielle-beta-bloquant/bisoprolol/defaillances-cardiaques,✅ Fonctionnel,2026-03-04 21:54:11
https://www.meamedica.fr/sedatifs-et-tranquillisants/loramet/insomnie,✅ Fonctionnel,2026-03-04 21:54:11
https://www.meamedica.fr/tension-arterielle-angiotensine-antagonistes/aprovel/tension-elevee,✅ Fonctionnel,2026-03-04 21:54:12
https://www.meamedica.fr/toxicomanie/revia,✅ Fonctionnel,2026-03-04 21:54:13
https://www.meamedica.fr/tension-arterielle-beta-bloquant/propranolol/7,✅ Fonctionnel,2026-03-04 21:54:15
https://www.meamedica.fr/toxicomanie/nicotinell,✅ Fonctionnel,2026-03-04 21:54:15
https://www.meamedica.fr/toxicomanie/nicorette,✅ Fonctionnel,2026-03-04 21:54:16
https://www.meamedica.fr/migraine/sumatriptan/migraine,✅ Fonctionnel,2026-03-04 21:54:17
https://www.meamedica.fr/tension-arterielle-diuretiques/aldactone/crise-cardiaque,✅ Fonctionnel,2026-03-04 21:54:18
https://www.meamedica.fr/toxicomanie/subutex,✅ Fonctionnel,2026-03-04 21:54:19
https://www.meamedica.fr/tension-arterielle-diuretiques/inspra,✅ Fonctionnel,2026-03-04 21:54:19
https://www.meamedica.fr/tension-arterielle-diuretiques/furosemide,✅ Fonctionnel,2026-03-04 21:54:20
https://www.meamedica.fr/tension-arterielle-diuretiques/soludactone,✅ Fonctionnel,2026-03-04 21:54:21
https://www.meamedica.fr/tension-arterielle-inhibiteurs-ace/ramipril/cholesterol,✅ Fonctionnel,2026-03-04 21:54:21
https://www.meamedica.fr/tension-arterielle-beta-bloquant/atenolol/2,✅ Fonctionnel,2026-03-04 21:54:22
https://www.meamedica.fr/toxicomanie/champix/arreter-de-fumer,✅ Fonctionnel,2026-03-04 21:54:23
https://www.meamedica.fr/yeux-allergie,✅ Fonctionnel,2026-03-04 21:54:24
https://www.meamedica.fr/toux-rhume/dextromethorphane/toux,✅ Fonctionnel,2026-03-04 21:54:24
https://www.meamedica.fr/yeux-allergie/multicrom,✅ Fonctionnel,2026-03-04 21:54:25
https://www.meamedica.fr/troubles-d-angoisse/stresam,✅ Fonctionnel,2026-03-04 21:54:26
https://www.meamedica.fr/yeux-allergie/epinastine,✅ Fonctionnel,2026-03-04 21:54:26
https://www.meamedica.fr/yeux-allergie/purivist,✅ Fonctionnel,2026-03-04 21:54:27
https://www.meamedica.fr/yeux-allergie/allergodil-les-yeux,✅ Fonctionnel,2026-03-04 21:54:28
https://www.meamedica.fr/toxicomanie/subutex/insomnie,✅ Fonctionnel,2026-03-04 21:54:28
https://www.meamedica.fr/toxicomanie/nalorex/toxicomanie,✅ Fonctionnel,2026-03-04 21:54:29
https://www.meamedica.fr/yeux-allergie/almide,✅ Fonctionnel,2026-03-04 21:54:29
https://www.meamedica.fr/sedatifs-et-tranquillisants/zopiclone/insomnie,✅ Fonctionnel,2026-03-04 21:54:30
https://www.meamedica.fr/yeux-allergie/naabak,✅ Fonctionnel,2026-03-04 21:54:31
https://www.meamedica.fr/tuberculose/dexambutol,✅ Fonctionnel,2026-03-04 21:54:31
https://www.meamedica.fr/yeux-glaucome-tension-de-l-il/travatan,✅ Fonctionnel,2026-03-04 21:54:32
https://www.meamedica.fr/vomissements-et-nausees/vogalene,✅ Fonctionnel,2026-03-04 21:54:33
https://www.meamedica.fr/vomissements-et-nausees/zophren,✅ Fonctionnel,2026-03-04 21:54:33
https://www.meamedica.fr/vitamines/nutrof,✅ Fonctionnel,2026-03-04 21:54:34
https://www.meamedica.fr/yeux-allergie/tilavist/rhume-des-foins,✅ Fonctionnel,2026-03-04 21:54:35
https://www.meamedica.fr/urologie-troubles-de-l-erection/revatio,✅ Fonctionnel,2026-03-04 21:54:35
https://www.meamedica.fr/vertiges-mal-de-transport/gabacet,✅ Fonctionnel,2026-03-04 21:54:36
https://www.meamedica.fr/vomissements-et-nausees/primperan/nausee-mal-au-coeur,✅ Fonctionnel,2026-03-04 21:54:37
https://www.meamedica.fr/yeux-infection-bacterienne/ciloxan,✅ Fonctionnel,2026-03-04 21:54:37
https://www.meamedica.fr/yeux-glaucome-tension-de-l-il/azopt/glaucome,✅ Fonctionnel,2026-03-04 21:54:38
https://www.meamedica.fr/yeux-combinaisons/frakidex,✅ Fonctionnel,2026-03-04 21:54:39
https://www.meamedica.fr/urologie-hypertrophie-de-la-prostate/permixon/3,✅ Fonctionnel,2026-03-04 21:54:39
https://www.meamedica.fr/tension-arterielle-calcium-antagoniste/verapamil/hypertension-pendant-grossesse,✅ Fonctionnel,2026-03-04 21:54:40
https://www.meamedica.fr/yeux-infection-bacterienne/monosept,✅ Fonctionnel,2026-03-04 21:54:41
https://www.meamedica.fr/yeux-infection-bacterienne/chibro-cadron,✅ Fonctionnel,2026-03-04 21:54:41
https://www.meamedica.fr/urologie-hypertrophie-de-la-prostate/omix/hypertrophie-de-la-prostate,✅ Fonctionnel,2026-03-04 21:54:42
https://www.meamedica.fr/yeux-glaucome-tension-de-l-il/travatan/glaucome,✅ Fonctionnel,2026-03-04 21:54:43
https://www.meamedica.fr/yeux-infection-bacterienne,✅ Fonctionnel,2026-03-04 21:54:44
https://www.meamedica.fr/urologie-hypertrophie-de-la-prostate/hytrine/hypertrophie-de-la-prostate,✅ Fonctionnel,2026-03-04 21:54:44
https://www.meamedica.fr/hypophyse-hypothalamus/maxomat,✅ Fonctionnel,2026-03-04 21:54:45
https://www.meamedica.fr/hypophyse-hypothalamus/orgalutran,✅ Fonctionnel,2026-03-04 21:54:45
https://www.meamedica.fr/hypophyse-hypothalamus/genotonorm,✅ Fonctionnel,2026-03-04 21:54:46
https://www.meamedica.fr/hypophyse-hypothalamus/synacthene,✅ Fonctionnel,2026-03-04 21:54:46
https://www.meamedica.fr/urologie-incontinence/vesicare/problemes-intestins-constipation,✅ Fonctionnel,2026-03-04 21:54:47
https://www.meamedica.fr/yeux-secheresse/artelac,✅ Fonctionnel,2026-03-04 21:54:48
https://www.meamedica.fr/yeux-secheresse/lacrinorm,✅ Fonctionnel,2026-03-04 21:54:48
https://www.meamedica.fr/yeux-infection-bacterienne/azyter/4,✅ Fonctionnel,2026-03-04 21:54:49
https://www.meamedica.fr/hormones-antihormones/norprolac,✅ Fonctionnel,2026-03-04 21:54:50
https://www.meamedica.fr/vomissements-et-nausees/anausin-metoclopramide/nausee-mal-au-coeur,✅ Fonctionnel,2026-03-04 21:54:51
https://www.meamedica.fr/yeux-glaucome-tension-de-l-il/betoptic/glaucome,✅ Fonctionnel,2026-03-04 21:54:51
https://www.meamedica.fr/yeux-glaucome-tension-de-l-il/monoprost/glaucome,✅ Fonctionnel,2026-03-04 21:54:52
https://www.meamedica.fr/yeux-glaucome-tension-de-l-il/monoprost/4,✅ Fonctionnel,2026-03-04 21:54:53
https://www.meamedica.fr/yeux-glaucome-tension-de-l-il/xalatan/2,✅ Fonctionnel,2026-03-04 21:54:54
https://www.meamedica.fr/yeux-glaucome-tension-de-l-il/xalatan/glaucome,✅ Fonctionnel,2026-03-04 21:54:54
